path,kind,lines,imports,has_cdef_class,has_cpdef,has_cimport
nautilus_trader/accounting/accounts/base.pyx,.pyx,523,decimal;libc.stdint;nautilus_trader.accounting.error;nautilus_trader.core;nautilus_trader.core.correctness;nautilus_trader.core.rust.model;nautilus_trader.model.events.account;nautilus_trader.model.functions;nautilus_trader.model.instruments.base;nautilus_trader.model.objects,True,True,True
nautilus_trader/accounting/accounts/betting.pyx,.pyx,118,decimal;nautilus_trader.accounting.accounts.cash;nautilus_trader.core.correctness;nautilus_trader.core.rust.model;nautilus_trader.model.instruments.base;nautilus_trader.model.objects,True,True,True
nautilus_trader/accounting/accounts/cash.pyx,.pyx,496,decimal;nautilus_trader.accounting.error;nautilus_trader.core.correctness;nautilus_trader.core.rust.model;nautilus_trader.model.events.account;nautilus_trader.model.events.order;nautilus_trader.model.functions;nautilus_trader.model.identifiers;nautilus_trader.model.instruments.base;nautilus_trader.model.objects;nautilus_trader.model.position,True,True,True
nautilus_trader/accounting/accounts/margin.pyx,.pyx,1015,decimal;nautilus_trader.accounting.margin_models;nautilus_trader.core.correctness;nautilus_trader.core.rust.model;nautilus_trader.model.events.account;nautilus_trader.model.events.order;nautilus_trader.model.functions;nautilus_trader.model.identifiers;nautilus_trader.model.instruments.base;nautilus_trader.model.objects;nautilus_trader.model.position,True,True,True
nautilus_trader/accounting/calculators.pyx,.pyx,121,decimal;itertools;nautilus_trader.core.correctness;nautilus_trader.core.rust.model;nautilus_trader.model.functions;nautilus_trader.model.identifiers;nautilus_trader.model.objects;pandas,True,True,True
nautilus_trader/accounting/factory.pyx,.pyx,159,nautilus_trader.accounting.accounts.base;nautilus_trader.accounting.accounts.betting;nautilus_trader.accounting.accounts.cash;nautilus_trader.accounting.accounts.margin;nautilus_trader.core.correctness;nautilus_trader.core.rust.model,True,False,True
nautilus_trader/accounting/manager.pyx,.pyx,699,decimal;libc.stdint;nautilus_trader.accounting.accounts.base;nautilus_trader.accounting.accounts.cash;nautilus_trader.accounting.accounts.margin;nautilus_trader.cache.base;nautilus_trader.common.component;nautilus_trader.core;nautilus_trader.core.correctness;nautilus_trader.core.rust.model;nautilus_trader.core.uuid;nautilus_trader.model.events.account;nautilus_trader.model.events.order;nautilus_trader.model.identifiers;nautilus_trader.model.instruments.base;nautilus_trader.model.objects;nautilus_trader.model.orders.base;nautilus_trader.model.position,True,True,True
nautilus_trader/accounting/margin_models.pyx,.pyx,245,decimal;nautilus_trader.core.correctness;nautilus_trader.core.rust.model;nautilus_trader.model.instruments.base;nautilus_trader.model.objects,True,True,True
nautilus_trader/adapters/betfair/orderbook.pyx,.pyx,42,nautilus_trader.adapters.betfair.common;nautilus_trader.adapters.betfair.constants;nautilus_trader.core.rust.model;nautilus_trader.model.identifiers;nautilus_trader.model.objects,False,True,True
nautilus_trader/backtest/data_client.pyx,.pyx,625,nautilus_trader.cache.cache;nautilus_trader.common.component;nautilus_trader.common.config;nautilus_trader.core.correctness;nautilus_trader.core.rust.model;nautilus_trader.core.uuid;nautilus_trader.data.client;nautilus_trader.data.messages;nautilus_trader.model.identifiers;nautilus_trader.model.instruments.base;nautilus_trader.model.instruments.futures_spread;nautilus_trader.model.instruments.option_spread,True,True,True
nautilus_trader/backtest/engine.pyx,.pyx,8417,collections;cpython.datetime;cpython.object;cython;decimal;heapq;libc.stdint;nautilus_trader.accounting.accounts.base;nautilus_trader.accounting.error;nautilus_trader.accounting.margin_models;nautilus_trader.backtest.data_client;nautilus_trader.backtest.execution_client;nautilus_trader.backtest.models;nautilus_trader.backtest.modules;nautilus_trader.backtest.results;nautilus_trader.cache.base;nautilus_trader.common.actor;nautilus_trader.common.component;nautilus_trader.common.config;nautilus_trader.config;nautilus_trader.core;nautilus_trader.core.correctness;nautilus_trader.core.data;nautilus_trader.core.datetime;nautilus_trader.core.inspect;nautilus_trader.core.rust.backtest;nautilus_trader.core.rust.common;nautilus_trader.core.rust.core;nautilus_trader.core.rust.model;nautilus_trader.core.string;nautilus_trader.core.uuid;nautilus_trader.data.engine;nautilus_trader.data.messages;nautilus_trader.execution.algorithm;nautilus_trader.execution.matching_core;nautilus_trader.execution.messages;nautilus_trader.execution.trailing;nautilus_trader.model;nautilus_trader.model.book;nautilus_trader.model.data;nautilus_trader.model.events.order;nautilus_trader.model.functions;nautilus_trader.model.identifiers;nautilus_trader.model.instruments.base;nautilus_trader.model.instruments.crypto_future;nautilus_trader.model.instruments.crypto_option;nautilus_trader.model.instruments.crypto_perpetual;nautilus_trader.model.instruments.currency_pair;nautilus_trader.model.instruments.equity;nautilus_trader.model.instruments.index;nautilus_trader.model.instruments.option_contract;nautilus_trader.model.instruments.perpetual_contract;nautilus_trader.model.objects;nautilus_trader.model.orders.base;nautilus_trader.model.orders.limit;nautilus_trader.model.orders.limit_if_touched;nautilus_trader.model.orders.market;nautilus_trader.model.orders.market_if_touched;nautilus_trader.model.orders.market_to_limit;nautilus_trader.model.orders.stop_limit;nautilus_trader.model.orders.stop_market;nautilus_trader.model.position;nautilus_trader.portfolio.base;nautilus_trader.system.kernel;nautilus_trader.trading.strategy;nautilus_trader.trading.trader;pandas;pickle;typing;uuid,True,True,True
nautilus_trader/backtest/execution_client.pyx,.pyx,149,nautilus_trader.accounting.factory;nautilus_trader.backtest.engine;nautilus_trader.cache.cache;nautilus_trader.common.component;nautilus_trader.common.config;nautilus_trader.core.correctness;nautilus_trader.core.rust.model;nautilus_trader.execution.client;nautilus_trader.execution.messages;nautilus_trader.model.identifiers;nautilus_trader.model.orders.base,True,True,True
nautilus_trader/backtest/models/fee.pyx,.pyx,209,libc.stdint;nautilus_trader.core.correctness;nautilus_trader.core.rust.core;nautilus_trader.core.rust.model;nautilus_trader.model.book;nautilus_trader.model.functions;nautilus_trader.model.instruments.base;nautilus_trader.model.objects;nautilus_trader.model.orders.base;random,True,True,True
nautilus_trader/backtest/models/fill.pyx,.pyx,926,libc.stdint;nautilus_trader.core.correctness;nautilus_trader.core.rust.model;nautilus_trader.model.book;nautilus_trader.model.functions;nautilus_trader.model.instruments.base;nautilus_trader.model.objects;nautilus_trader.model.orders.base;random,True,True,True
nautilus_trader/backtest/models/latency.pyx,.pyx,85,libc.stdint;nautilus_trader.core.correctness;nautilus_trader.core.rust.core;nautilus_trader.core.rust.model;nautilus_trader.model.book;nautilus_trader.model.functions;nautilus_trader.model.instruments.base;nautilus_trader.model.objects;nautilus_trader.model.orders.base;random,True,False,True
nautilus_trader/backtest/modules.pyx,.pyx,222,cpython.datetime;libc.stdint;msgspec;nautilus_trader.accounting.calculators;nautilus_trader.backtest.config;nautilus_trader.backtest.engine;nautilus_trader.common.config;nautilus_trader.core.correctness;nautilus_trader.core.data;nautilus_trader.core.rust.model;nautilus_trader.model.book;nautilus_trader.model.identifiers;nautilus_trader.model.instruments.base;nautilus_trader.model.objects;nautilus_trader.model.position;pandas;pytz,True,True,True
nautilus_trader/cache/base.pyx,.pyx,558,libc.stdint;nautilus_trader.core.rust.model;nautilus_trader.model.data;nautilus_trader.model.identifiers;nautilus_trader.model.instruments.base;nautilus_trader.model.instruments.synthetic;nautilus_trader.model.objects,True,True,True
nautilus_trader/cache/cache.pyx,.pyx,5965,collections;cpython.datetime;decimal;libc.stdint;nautilus_trader.accounting.accounts.base;nautilus_trader.cache.config;nautilus_trader.cache.facade;nautilus_trader.common.component;nautilus_trader.core;nautilus_trader.core.correctness;nautilus_trader.core.rust.model;nautilus_trader.model.book;nautilus_trader.model.data;nautilus_trader.model.events.order;nautilus_trader.model.functions;nautilus_trader.model.identifiers;nautilus_trader.model.instruments.base;nautilus_trader.model.instruments.crypto_perpetual;nautilus_trader.model.instruments.currency_pair;nautilus_trader.model.instruments.synthetic;nautilus_trader.model.objects;nautilus_trader.model.orders.base;nautilus_trader.model.orders.list;nautilus_trader.trading.strategy;pickle;time;uuid;warnings,True,True,True
nautilus_trader/cache/database.pyx,.pyx,1294,cpython.datetime;libc.stdint;msgspec;nautilus_trader.accounting.accounts.base;nautilus_trader.accounting.factory;nautilus_trader.cache.config;nautilus_trader.cache.facade;nautilus_trader.cache.transformers;nautilus_trader.common.actor;nautilus_trader.common.config;nautilus_trader.core;nautilus_trader.core.correctness;nautilus_trader.core.datetime;nautilus_trader.core.rust.common;nautilus_trader.core.rust.model;nautilus_trader.core.uuid;nautilus_trader.execution.messages;nautilus_trader.model.data;nautilus_trader.model.events.order;nautilus_trader.model.functions;nautilus_trader.model.identifiers;nautilus_trader.model.instruments.base;nautilus_trader.model.instruments.synthetic;nautilus_trader.model.objects;nautilus_trader.model.orders.base;nautilus_trader.model.orders.limit;nautilus_trader.model.orders.market;nautilus_trader.model.orders.unpacker;nautilus_trader.model.position;nautilus_trader.serialization.base;nautilus_trader.trading.strategy,True,True,True
nautilus_trader/cache/facade.pyx,.pyx,241,cpython.datetime;libc.stdint;nautilus_trader.accounting.accounts.base;nautilus_trader.cache.config;nautilus_trader.common.actor;nautilus_trader.common.component;nautilus_trader.core.rust.model;nautilus_trader.execution.messages;nautilus_trader.model.data;nautilus_trader.model.identifiers;nautilus_trader.model.instruments.base;nautilus_trader.model.instruments.synthetic;nautilus_trader.model.objects;nautilus_trader.model.orders.base;nautilus_trader.model.position;nautilus_trader.trading.strategy,True,True,True
nautilus_trader/common/actor.pyx,.pyx,5154,asyncio;concurrent.futures;cpython.datetime;cython;libc.stdint;nautilus_trader.cache.base;nautilus_trader.common.component;nautilus_trader.common.config;nautilus_trader.common.data_topics;nautilus_trader.common.executor;nautilus_trader.common.signal;nautilus_trader.core;nautilus_trader.core.correctness;nautilus_trader.core.data;nautilus_trader.core.message;nautilus_trader.core.rust.common;nautilus_trader.core.rust.model;nautilus_trader.core.uuid;nautilus_trader.data.messages;nautilus_trader.indicators.base;nautilus_trader.model.book;nautilus_trader.model.data;nautilus_trader.model.events.order;nautilus_trader.model.greeks;nautilus_trader.model.identifiers;nautilus_trader.model.instruments.base;nautilus_trader.model.instruments.synthetic;nautilus_trader.portfolio.base;typing,True,True,True
nautilus_trader/common/component.pyx,.pyx,3185,asyncio;collections;copy;cpython.datetime;cpython.object;cpython.pycapsule;cython;datetime;libc.stdint;msgspec;nautilus_trader.common.config;nautilus_trader.common.messages;nautilus_trader.core;nautilus_trader.core.correctness;nautilus_trader.core.datetime;nautilus_trader.core.fsm;nautilus_trader.core.message;nautilus_trader.core.rust.common;nautilus_trader.core.rust.core;nautilus_trader.core.string;nautilus_trader.core.uuid;nautilus_trader.model.identifiers;nautilus_trader.serialization.base;numpy;pandas;pytz;socket;sys;traceback;typing,True,True,True
nautilus_trader/common/data_topics.pyx,.pyx,280,nautilus_trader.model.data;nautilus_trader.model.identifiers,True,True,True
nautilus_trader/common/factories.pyx,.pyx,1708,cpython.datetime;nautilus_trader.cache.base;nautilus_trader.common.component;nautilus_trader.common.generators;nautilus_trader.core.correctness;nautilus_trader.core.datetime;nautilus_trader.core.rust.model;nautilus_trader.core.uuid;nautilus_trader.model.functions;nautilus_trader.model.identifiers;nautilus_trader.model.objects;nautilus_trader.model.orders.base;nautilus_trader.model.orders.limit;nautilus_trader.model.orders.limit_if_touched;nautilus_trader.model.orders.list;nautilus_trader.model.orders.market_if_touched;nautilus_trader.model.orders.market_to_limit;nautilus_trader.model.orders.stop_market;nautilus_trader.model.orders.trailing_stop_limit;nautilus_trader.model.orders.trailing_stop_market,True,True,True
nautilus_trader/common/generators.pyx,.pyx,331,cpython.datetime;nautilus_trader.common.component;nautilus_trader.core.correctness;nautilus_trader.core.uuid;nautilus_trader.model.identifiers,True,True,True
nautilus_trader/common/messages.pyx,.pyx,546,decimal;json;libc.stdint;nautilus_trader.common.component;nautilus_trader.core.correctness;nautilus_trader.core.message;nautilus_trader.core.rust.common;nautilus_trader.core.rust.model;nautilus_trader.core.uuid;nautilus_trader.model.functions;nautilus_trader.model.identifiers;re,True,False,True
nautilus_trader/core/correctness.pyx,.pyx,1341,cpython.object,True,False,True
nautilus_trader/core/data.pyx,.pyx,92,cython,True,False,False
nautilus_trader/core/datetime.pyx,.pyx,454,cpython.datetime;cpython.unicode;libc.stdint;nautilus_trader.core.correctness;nautilus_trader.core.nautilus_pyo3;nautilus_trader.core.rust.core;nautilus_trader.core.string;pandas;pandas.api.types;pytz,False,True,True
nautilus_trader/core/fsm.pyx,.pyx,130,nautilus_trader.core.correctness;typing,True,True,True
nautilus_trader/core/math.pyx,.pyx,70,numpy,False,True,True
nautilus_trader/core/message.pyx,.pyx,285,cython;nautilus_trader.core.uuid;typing,True,False,True
nautilus_trader/core/rust/common.pyx,.pyx,22,nautilus_trader.core.rust.common,False,False,True
nautilus_trader/core/rust/model.pyx,.pyx,45,nautilus_trader.core.rust.model,False,False,True
nautilus_trader/core/stats.pyx,.pyx,247,cython;libc.math;numpy,False,True,True
nautilus_trader/core/uuid.pyx,.pyx,107,nautilus_trader.core.correctness;nautilus_trader.core.rust.core;nautilus_trader.core.string;uuid,True,False,True
nautilus_trader/data/aggregation.pyx,.pyx,2156,cpython.datetime;datetime;decimal;libc.math;libc.stdint;nautilus_trader.common.component;nautilus_trader.common.data_topics;nautilus_trader.common.enums;nautilus_trader.core.correctness;nautilus_trader.core.datetime;nautilus_trader.core.rust.core;nautilus_trader.core.rust.model;nautilus_trader.model.data;nautilus_trader.model.enums;nautilus_trader.model.functions;nautilus_trader.model.greeks;nautilus_trader.model.identifiers;nautilus_trader.model.instruments.base;nautilus_trader.model.objects;numpy;pandas;typing,True,True,True
nautilus_trader/data/client.pyx,.pyx,1393,nautilus_trader.cache.cache;nautilus_trader.common.component;nautilus_trader.common.config;nautilus_trader.core.correctness;nautilus_trader.core.data;nautilus_trader.core.uuid;nautilus_trader.data.messages;nautilus_trader.model.data;nautilus_trader.model.identifiers;nautilus_trader.model.instruments.base,True,True,True
nautilus_trader/data/engine.pyx,.pyx,5314,cpython.datetime;dataclasses;datetime;decimal;libc.stdint;nautilus_trader.backtest.data_client;nautilus_trader.cache.cache;nautilus_trader.common.component;nautilus_trader.common.data_topics;nautilus_trader.common.enums;nautilus_trader.core;nautilus_trader.core.correctness;nautilus_trader.core.data;nautilus_trader.core.datetime;nautilus_trader.core.rust.core;nautilus_trader.core.rust.model;nautilus_trader.core.uuid;nautilus_trader.data.aggregation;nautilus_trader.data.client;nautilus_trader.data.config;nautilus_trader.data.engine;nautilus_trader.data.messages;nautilus_trader.model.book;nautilus_trader.model.data;nautilus_trader.model.enums;nautilus_trader.model.greeks;nautilus_trader.model.identifiers;nautilus_trader.model.instruments.base;nautilus_trader.model.instruments.futures_contract;nautilus_trader.model.instruments.synthetic;nautilus_trader.model.objects;nautilus_trader.persistence.catalog;nautilus_trader.persistence.funcs;typing,True,True,True
nautilus_trader/data/messages.pyx,.pyx,3501,cpython.datetime;libc.stdint;nautilus_trader.core.correctness;nautilus_trader.core.data;nautilus_trader.core.uuid;nautilus_trader.model.data;nautilus_trader.model.identifiers;nautilus_trader.model.instruments.base;typing,True,False,True
nautilus_trader/execution/algorithm.pyx,.pyx,1597,cpython.datetime;libc.stdint;nautilus_trader.cache.base;nautilus_trader.common.actor;nautilus_trader.common.component;nautilus_trader.core.correctness;nautilus_trader.core.datetime;nautilus_trader.core.fsm;nautilus_trader.core.message;nautilus_trader.core.rust.common;nautilus_trader.core.rust.model;nautilus_trader.core.uuid;nautilus_trader.execution.config;nautilus_trader.execution.messages;nautilus_trader.model.events.order;nautilus_trader.model.events.position;nautilus_trader.model.identifiers;nautilus_trader.model.objects;nautilus_trader.model.orders.base;nautilus_trader.model.orders.limit;nautilus_trader.model.orders.list;nautilus_trader.model.orders.market;nautilus_trader.model.orders.market_to_limit;nautilus_trader.portfolio.base;typing,True,True,True
nautilus_trader/execution/client.pyx,.pyx,942,libc.stdint;nautilus_trader.cache.cache;nautilus_trader.common.component;nautilus_trader.common.config;nautilus_trader.core.correctness;nautilus_trader.core.rust.model;nautilus_trader.core.uuid;nautilus_trader.execution.messages;nautilus_trader.execution.reports;nautilus_trader.model.events.account;nautilus_trader.model.events.order;nautilus_trader.model.identifiers;nautilus_trader.model.instruments.base;nautilus_trader.model.objects;nautilus_trader.model.orders.base,True,True,True
nautilus_trader/execution/emulator.pyx,.pyx,987,libc.stdint;nautilus_trader.cache.cache;nautilus_trader.common.actor;nautilus_trader.common.component;nautilus_trader.common.config;nautilus_trader.core.correctness;nautilus_trader.core.message;nautilus_trader.core.rust.model;nautilus_trader.core.uuid;nautilus_trader.execution.manager;nautilus_trader.execution.matching_core;nautilus_trader.execution.messages;nautilus_trader.execution.trailing;nautilus_trader.model.book;nautilus_trader.model.data;nautilus_trader.model.events.order;nautilus_trader.model.functions;nautilus_trader.model.identifiers;nautilus_trader.model.instruments.base;nautilus_trader.model.objects;nautilus_trader.model.orders.base;nautilus_trader.model.orders.limit;nautilus_trader.model.orders.market;nautilus_trader.portfolio.base,True,True,True
nautilus_trader/execution/engine.pyx,.pyx,1992,decimal;libc.stdint;nautilus_trader.accounting.accounts.base;nautilus_trader.cache.cache;nautilus_trader.common.component;nautilus_trader.common.config;nautilus_trader.common.generators;nautilus_trader.core;nautilus_trader.core.correctness;nautilus_trader.core.fsm;nautilus_trader.core.message;nautilus_trader.core.rust.core;nautilus_trader.core.rust.model;nautilus_trader.core.uuid;nautilus_trader.execution.client;nautilus_trader.execution.config;nautilus_trader.execution.messages;nautilus_trader.execution.reports;nautilus_trader.model.book;nautilus_trader.model.events.order;nautilus_trader.model.events.position;nautilus_trader.model.functions;nautilus_trader.model.identifiers;nautilus_trader.model.instruments.base;nautilus_trader.model.objects;nautilus_trader.model.orders.base;nautilus_trader.model.position;nautilus_trader.trading.strategy;time,True,True,True
nautilus_trader/execution/manager.pyx,.pyx,616,libc.stdint;nautilus_trader.cache.cache;nautilus_trader.common.component;nautilus_trader.core.correctness;nautilus_trader.core.message;nautilus_trader.core.rust.model;nautilus_trader.core.uuid;nautilus_trader.execution.messages;nautilus_trader.model.events.order;nautilus_trader.model.events.position;nautilus_trader.model.identifiers;nautilus_trader.model.objects;nautilus_trader.model.orders.base,True,True,True
nautilus_trader/execution/matching_core.pyx,.pyx,516,libc.stdint;nautilus_trader.core.correctness;nautilus_trader.core.rust.model;nautilus_trader.model.functions;nautilus_trader.model.identifiers;nautilus_trader.model.objects;nautilus_trader.model.orders.base;typing,True,True,True
nautilus_trader/execution/messages.pyx,.pyx,1857,cpython.datetime;datetime;libc.stdint;nautilus_trader.core.correctness;nautilus_trader.core.message;nautilus_trader.core.rust.common;nautilus_trader.core.rust.model;nautilus_trader.core.uuid;nautilus_trader.model.events.order;nautilus_trader.model.functions;nautilus_trader.model.identifiers;nautilus_trader.model.objects;nautilus_trader.model.orders.base;nautilus_trader.model.orders.list;nautilus_trader.model.orders.unpacker;typing,True,True,True
nautilus_trader/execution/trailing.pyx,.pyx,347,nautilus_trader.core.correctness;nautilus_trader.core.rust.model;nautilus_trader.model.functions;nautilus_trader.model.objects;nautilus_trader.model.orders.base,True,False,True
nautilus_trader/indicators/averages.pyx,.pyx,951,collections;libc.math;nautilus_trader.core.correctness;nautilus_trader.core.rust.model;nautilus_trader.core.stats;nautilus_trader.indicators.base;nautilus_trader.indicators.momentum;nautilus_trader.model.data;nautilus_trader.model.objects;numpy,True,True,True
nautilus_trader/indicators/base.pyx,.pyx,79,nautilus_trader.model.data,True,True,True
nautilus_trader/indicators/fuzzy_candlesticks.pyx,.pyx,368,collections;libc.math;nautilus_trader.core.correctness;nautilus_trader.core.stats;nautilus_trader.indicators.base;nautilus_trader.indicators.fuzzy_enums;nautilus_trader.model.data;numpy,True,True,True
nautilus_trader/indicators/fuzzy_enums.pyx,.pyx,29,,False,False,False
nautilus_trader/indicators/momentum.pyx,.pyx,935,collections;math;nautilus_trader.core.correctness;nautilus_trader.core.stats;nautilus_trader.indicators.averages;nautilus_trader.indicators.base;nautilus_trader.model.data;numpy,True,True,True
nautilus_trader/indicators/spread_analyzer.pyx,.pyx,100,collections;nautilus_trader.core.correctness;nautilus_trader.core.stats;nautilus_trader.indicators.base;nautilus_trader.model.data;nautilus_trader.model.identifiers;nautilus_trader.model.objects;numpy,True,True,True
nautilus_trader/indicators/trend.pyx,.pyx,913,collections;cpython.datetime;nautilus_trader.core.correctness;nautilus_trader.core.rust.model;nautilus_trader.indicators.averages;nautilus_trader.indicators.base;nautilus_trader.model.data;nautilus_trader.model.objects;numpy;pandas;statistics,True,True,True
nautilus_trader/indicators/volatility.pyx,.pyx,852,collections;libc.math;nautilus_trader.core.correctness;nautilus_trader.core.stats;nautilus_trader.indicators.averages;nautilus_trader.indicators.base;nautilus_trader.model.data;nautilus_trader.model.objects;numpy,True,True,True
nautilus_trader/indicators/volume.pyx,.pyx,444,collections;cpython.datetime;nautilus_trader.core.correctness;nautilus_trader.indicators.averages;nautilus_trader.indicators.base;nautilus_trader.indicators.volatility;nautilus_trader.model.data;pandas,True,True,True
nautilus_trader/model/book.pyx,.pyx,1028,libc.stdint;nautilus_trader.core.correctness;nautilus_trader.core.data;nautilus_trader.core.rust.core;nautilus_trader.core.rust.model;nautilus_trader.core.string;nautilus_trader.model.data;nautilus_trader.model.functions;nautilus_trader.model.identifiers;nautilus_trader.model.instruments.base;nautilus_trader.model.objects;operator;pandas;pickle,True,True,True
nautilus_trader/model/data.pyx,.pyx,6426,cpython.datetime;cpython.mem;cpython.pycapsule;libc.stdint;nautilus_trader.core;nautilus_trader.core.correctness;nautilus_trader.core.data;nautilus_trader.core.rust.core;nautilus_trader.core.rust.model;nautilus_trader.core.string;nautilus_trader.model.data;nautilus_trader.model.functions;nautilus_trader.model.identifiers;nautilus_trader.model.objects;numpy;pandas;pickle;warnings,True,True,True
nautilus_trader/model/events/account.pyx,.pyx,202,libc.stdint;nautilus_trader.core.correctness;nautilus_trader.core.message;nautilus_trader.core.rust.model;nautilus_trader.core.uuid;nautilus_trader.model.functions;nautilus_trader.model.identifiers;nautilus_trader.model.objects,True,False,True
nautilus_trader/model/events/order.pyx,.pyx,4910,libc.stdint;nautilus_trader.core.correctness;nautilus_trader.core.message;nautilus_trader.core.rust.model;nautilus_trader.core.string;nautilus_trader.core.uuid;nautilus_trader.model.functions;nautilus_trader.model.identifiers;nautilus_trader.model.objects;typing,True,False,True
nautilus_trader/model/events/position.pyx,.pyx,1266,decimal;libc.stdint;nautilus_trader.core.correctness;nautilus_trader.core.message;nautilus_trader.core.rust.model;nautilus_trader.core.uuid;nautilus_trader.model.events.order;nautilus_trader.model.functions;nautilus_trader.model.identifiers;nautilus_trader.model.objects;nautilus_trader.model.position,True,False,True
nautilus_trader/model/functions.pyx,.pyx,569,libc.stdint;nautilus_trader.core;nautilus_trader.core.rust.model;nautilus_trader.core.string,False,True,True
nautilus_trader/model/greeks.pyx,.pyx,824,libc.math;libc.stdint;nautilus_trader.cache.base;nautilus_trader.common.component;nautilus_trader.core.datetime;nautilus_trader.core.nautilus_pyo3;nautilus_trader.core.rust.model;nautilus_trader.model.data;nautilus_trader.model.enums;nautilus_trader.model.greeks_data;nautilus_trader.model.identifiers;nautilus_trader.model.objects;nautilus_trader.model.position,True,True,True
nautilus_trader/model/identifiers.pyx,.pyx,1246,libc.string;nautilus_trader.core;nautilus_trader.core.correctness;nautilus_trader.core.rust.core;nautilus_trader.core.rust.model;nautilus_trader.core.string;re,True,True,True
nautilus_trader/model/instruments/base.pyx,.pyx,931,decimal;libc.math;libc.stdint;nautilus_trader.core;nautilus_trader.core.correctness;nautilus_trader.core.rust.core;nautilus_trader.core.rust.model;nautilus_trader.core.string;nautilus_trader.model.functions;nautilus_trader.model.identifiers;nautilus_trader.model.instruments.betting;nautilus_trader.model.instruments.binary_option;nautilus_trader.model.instruments.cfd;nautilus_trader.model.instruments.commodity;nautilus_trader.model.instruments.crypto_future;nautilus_trader.model.instruments.crypto_futures_spread;nautilus_trader.model.instruments.crypto_option;nautilus_trader.model.instruments.crypto_option_spread;nautilus_trader.model.instruments.crypto_perpetual;nautilus_trader.model.instruments.currency_pair;nautilus_trader.model.instruments.equity;nautilus_trader.model.instruments.futures_contract;nautilus_trader.model.instruments.futures_spread;nautilus_trader.model.instruments.index;nautilus_trader.model.instruments.option_contract;nautilus_trader.model.instruments.option_spread;nautilus_trader.model.instruments.perpetual_contract;nautilus_trader.model.instruments.tokenized_asset;nautilus_trader.model.objects;nautilus_trader.model.tick_scheme.base,True,True,True
nautilus_trader/model/instruments/betting.pyx,.pyx,323,cpython.datetime;decimal;libc.stdint;nautilus_trader.core;nautilus_trader.core.correctness;nautilus_trader.core.rust.model;nautilus_trader.model.identifiers;nautilus_trader.model.instruments.base;nautilus_trader.model.objects;pandas,True,True,True
nautilus_trader/model/instruments/binary_option.pyx,.pyx,314,decimal;libc.stdint;nautilus_trader.core.correctness;nautilus_trader.core.datetime;nautilus_trader.core.rust.model;nautilus_trader.model.functions;nautilus_trader.model.identifiers;nautilus_trader.model.instruments.base;nautilus_trader.model.objects;pandas;pytz,True,False,True
nautilus_trader/model/instruments/cfd.pyx,.pyx,320,decimal;libc.stdint;nautilus_trader.core.correctness;nautilus_trader.core.rust.model;nautilus_trader.model.functions;nautilus_trader.model.identifiers;nautilus_trader.model.instruments.base;nautilus_trader.model.objects,True,False,True
nautilus_trader/model/instruments/commodity.pyx,.pyx,306,decimal;libc.stdint;nautilus_trader.core.correctness;nautilus_trader.core.rust.model;nautilus_trader.model.functions;nautilus_trader.model.identifiers;nautilus_trader.model.instruments.base;nautilus_trader.model.objects,True,False,True
nautilus_trader/model/instruments/crypto_future.pyx,.pyx,525,decimal;libc.stdint;nautilus_trader.core.correctness;nautilus_trader.core.datetime;nautilus_trader.core.rust.model;nautilus_trader.model.functions;nautilus_trader.model.identifiers;nautilus_trader.model.instruments.base;nautilus_trader.model.objects;pandas;pytz,True,True,True
nautilus_trader/model/instruments/crypto_futures_spread.pyx,.pyx,498,decimal;libc.stdint;nautilus_trader.core.correctness;nautilus_trader.core.datetime;nautilus_trader.core.rust.model;nautilus_trader.model.functions;nautilus_trader.model.identifiers;nautilus_trader.model.instruments.base;nautilus_trader.model.objects;pandas;pytz,True,True,True
nautilus_trader/model/instruments/crypto_option.pyx,.pyx,533,decimal;libc.stdint;nautilus_trader.core.correctness;nautilus_trader.core.datetime;nautilus_trader.core.rust.model;nautilus_trader.model.functions;nautilus_trader.model.identifiers;nautilus_trader.model.instruments.base;nautilus_trader.model.objects;pandas;pytz,True,True,True
nautilus_trader/model/instruments/crypto_option_spread.pyx,.pyx,498,decimal;libc.stdint;nautilus_trader.core.correctness;nautilus_trader.core.datetime;nautilus_trader.core.rust.model;nautilus_trader.model.functions;nautilus_trader.model.identifiers;nautilus_trader.model.instruments.base;nautilus_trader.model.objects;pandas;pytz,True,True,True
nautilus_trader/model/instruments/crypto_perpetual.pyx,.pyx,437,decimal;libc.stdint;nautilus_trader.core.correctness;nautilus_trader.core.rust.model;nautilus_trader.model.identifiers;nautilus_trader.model.instruments.base;nautilus_trader.model.objects,True,True,True
nautilus_trader/model/instruments/currency_pair.pyx,.pyx,332,decimal;libc.stdint;nautilus_trader.core.correctness;nautilus_trader.core.rust.model;nautilus_trader.model.identifiers;nautilus_trader.model.instruments.base;nautilus_trader.model.objects,True,True,True
nautilus_trader/model/instruments/equity.pyx,.pyx,251,decimal;libc.stdint;nautilus_trader.core.correctness;nautilus_trader.core.rust.model;nautilus_trader.model.identifiers;nautilus_trader.model.instruments.base;nautilus_trader.model.objects,True,False,True
nautilus_trader/model/instruments/futures_contract.pyx,.pyx,340,decimal;libc.stdint;nautilus_trader.core.correctness;nautilus_trader.core.datetime;nautilus_trader.core.rust.model;nautilus_trader.model.functions;nautilus_trader.model.identifiers;nautilus_trader.model.instruments.base;nautilus_trader.model.objects;pandas;pytz,True,False,True
nautilus_trader/model/instruments/futures_spread.pyx,.pyx,371,decimal;libc.stdint;nautilus_trader.core.correctness;nautilus_trader.core.datetime;nautilus_trader.core.rust.model;nautilus_trader.model.functions;nautilus_trader.model.identifiers;nautilus_trader.model.instruments.base;nautilus_trader.model.objects;pandas;pytz,True,True,True
nautilus_trader/model/instruments/index.pyx,.pyx,211,decimal;libc.stdint;nautilus_trader.core.correctness;nautilus_trader.core.rust.model;nautilus_trader.model.identifiers;nautilus_trader.model.instruments.base;nautilus_trader.model.objects,True,False,True
nautilus_trader/model/instruments/option_contract.pyx,.pyx,361,decimal;libc.stdint;nautilus_trader.core.correctness;nautilus_trader.core.datetime;nautilus_trader.core.rust.model;nautilus_trader.model.functions;nautilus_trader.model.identifiers;nautilus_trader.model.instruments.base;nautilus_trader.model.objects;pandas;pytz,True,False,True
nautilus_trader/model/instruments/option_spread.pyx,.pyx,378,decimal;libc.stdint;nautilus_trader.core.correctness;nautilus_trader.core.datetime;nautilus_trader.core.rust.model;nautilus_trader.model.functions;nautilus_trader.model.identifiers;nautilus_trader.model.instruments.base;nautilus_trader.model.objects;pandas;pytz,True,True,True
nautilus_trader/model/instruments/perpetual_contract.pyx,.pyx,379,decimal;libc.stdint;nautilus_trader.core.correctness;nautilus_trader.core.rust.model;nautilus_trader.model.functions;nautilus_trader.model.identifiers;nautilus_trader.model.instruments.base;nautilus_trader.model.objects,True,True,True
nautilus_trader/model/instruments/synthetic.pyx,.pyx,389,cpython.mem;libc.math;libc.stdint;msgspec;nautilus_trader.core.correctness;nautilus_trader.core.data;nautilus_trader.core.rust.core;nautilus_trader.core.rust.model;nautilus_trader.core.string;nautilus_trader.model.identifiers;nautilus_trader.model.objects,True,True,True
nautilus_trader/model/instruments/tokenized_asset.pyx,.pyx,298,decimal;libc.stdint;nautilus_trader.core.correctness;nautilus_trader.core.rust.model;nautilus_trader.model.functions;nautilus_trader.model.identifiers;nautilus_trader.model.instruments.base;nautilus_trader.model.objects,True,True,True
nautilus_trader/model/objects.pyx,.pyx,2129,cpython.object;cython;decimal;libc.math;libc.stdint;libc.string;nautilus_trader.core.correctness;nautilus_trader.core.rust.core;nautilus_trader.core.rust.model;nautilus_trader.core.string,True,True,True
nautilus_trader/model/orders/base.pyx,.pyx,1248,decimal;libc.stdint;nautilus_trader.core;nautilus_trader.core.correctness;nautilus_trader.core.rust.model;nautilus_trader.model.enums;nautilus_trader.model.events.order;nautilus_trader.model.functions;nautilus_trader.model.identifiers;nautilus_trader.model.objects,True,True,True
nautilus_trader/model/orders/limit.pyx,.pyx,476,libc.stdint;nautilus_trader.core.correctness;nautilus_trader.core.datetime;nautilus_trader.core.rust.model;nautilus_trader.core.uuid;nautilus_trader.model.events.order;nautilus_trader.model.functions;nautilus_trader.model.identifiers;nautilus_trader.model.objects;nautilus_trader.model.orders.base,True,True,True
nautilus_trader/model/orders/limit_if_touched.pyx,.pyx,401,libc.stdint;nautilus_trader.core.correctness;nautilus_trader.core.datetime;nautilus_trader.core.rust.model;nautilus_trader.core.uuid;nautilus_trader.model.events.order;nautilus_trader.model.functions;nautilus_trader.model.identifiers;nautilus_trader.model.objects;nautilus_trader.model.orders.base,True,True,True
nautilus_trader/model/orders/list.pyx,.pyx,159,nautilus_trader.core.correctness;nautilus_trader.core.rust.model;nautilus_trader.model.identifiers;nautilus_trader.model.orders.base,True,True,True
nautilus_trader/model/orders/market.pyx,.pyx,370,libc.stdint;nautilus_trader.core.correctness;nautilus_trader.core.rust.model;nautilus_trader.core.uuid;nautilus_trader.model.events.order;nautilus_trader.model.functions;nautilus_trader.model.identifiers;nautilus_trader.model.objects;nautilus_trader.model.orders.base,True,True,True
nautilus_trader/model/orders/market_if_touched.pyx,.pyx,362,libc.stdint;nautilus_trader.core.correctness;nautilus_trader.core.datetime;nautilus_trader.core.rust.model;nautilus_trader.core.uuid;nautilus_trader.model.events.order;nautilus_trader.model.functions;nautilus_trader.model.identifiers;nautilus_trader.model.objects;nautilus_trader.model.orders.base,True,True,True
nautilus_trader/model/orders/market_to_limit.pyx,.pyx,335,libc.stdint;nautilus_trader.core.correctness;nautilus_trader.core.datetime;nautilus_trader.core.rust.model;nautilus_trader.core.uuid;nautilus_trader.model.events.order;nautilus_trader.model.functions;nautilus_trader.model.identifiers;nautilus_trader.model.objects;nautilus_trader.model.orders.base,True,True,True
nautilus_trader/model/orders/stop_limit.pyx,.pyx,440,libc.stdint;nautilus_trader.core.correctness;nautilus_trader.core.datetime;nautilus_trader.core.rust.model;nautilus_trader.core.uuid;nautilus_trader.model.events.order;nautilus_trader.model.functions;nautilus_trader.model.identifiers;nautilus_trader.model.objects;nautilus_trader.model.orders.base,True,True,True
nautilus_trader/model/orders/stop_market.pyx,.pyx,366,libc.stdint;nautilus_trader.core.correctness;nautilus_trader.core.datetime;nautilus_trader.core.rust.model;nautilus_trader.core.uuid;nautilus_trader.model.events.order;nautilus_trader.model.functions;nautilus_trader.model.identifiers;nautilus_trader.model.objects;nautilus_trader.model.orders.base,True,True,True
nautilus_trader/model/orders/trailing_stop_limit.pyx,.pyx,449,decimal;libc.stdint;nautilus_trader.core.correctness;nautilus_trader.core.datetime;nautilus_trader.core.rust.model;nautilus_trader.core.uuid;nautilus_trader.model.events.order;nautilus_trader.model.functions;nautilus_trader.model.identifiers;nautilus_trader.model.objects;nautilus_trader.model.orders.base,True,True,True
nautilus_trader/model/orders/trailing_stop_market.pyx,.pyx,407,decimal;libc.stdint;nautilus_trader.core.correctness;nautilus_trader.core.datetime;nautilus_trader.core.rust.model;nautilus_trader.core.uuid;nautilus_trader.model.events.order;nautilus_trader.model.functions;nautilus_trader.model.identifiers;nautilus_trader.model.objects;nautilus_trader.model.orders.base,True,True,True
nautilus_trader/model/orders/unpacker.pyx,.pyx,97,nautilus_trader.core.correctness;nautilus_trader.core.rust.model;nautilus_trader.model.events.order;nautilus_trader.model.orders.base;nautilus_trader.model.orders.limit;nautilus_trader.model.orders.limit_if_touched;nautilus_trader.model.orders.market;nautilus_trader.model.orders.market_if_touched;nautilus_trader.model.orders.market_to_limit;nautilus_trader.model.orders.stop_limit;nautilus_trader.model.orders.stop_market;nautilus_trader.model.orders.trailing_stop_limit;nautilus_trader.model.orders.trailing_stop_market,True,False,True
nautilus_trader/model/position.pyx,.pyx,1027,decimal;libc.math;nautilus_trader.core.correctness;nautilus_trader.core.rust.model;nautilus_trader.core.uuid;nautilus_trader.model.events.order;nautilus_trader.model.events.position;nautilus_trader.model.functions;nautilus_trader.model.identifiers;nautilus_trader.model.instruments.base;nautilus_trader.model.instruments.currency_pair;nautilus_trader.model.objects,True,True,True
nautilus_trader/model/tick_scheme/base.pyx,.pyx,156,libc.math;nautilus_trader.core.correctness;nautilus_trader.model.objects,True,True,True
nautilus_trader/model/tick_scheme/implementations/fixed.pyx,.pyx,163,nautilus_trader.core.rust.model;nautilus_trader.model.objects;nautilus_trader.model.tick_scheme.base,True,True,True
nautilus_trader/model/tick_scheme/implementations/tiered.pyx,.pyx,193,nautilus_trader.core.correctness;nautilus_trader.model.objects;nautilus_trader.model.tick_scheme.base;numpy,True,True,True
nautilus_trader/persistence/wranglers.pyx,.pyx,792,copy;libc.stdint;nautilus_trader.core.correctness;nautilus_trader.core.datetime;nautilus_trader.core.rust.model;nautilus_trader.model.data;nautilus_trader.model.enums;nautilus_trader.model.identifiers;nautilus_trader.model.instruments.base;nautilus_trader.model.objects;numpy;pandas;random,True,True,True
nautilus_trader/portfolio/base.pyx,.pyx,110,nautilus_trader.accounting.accounts.base;nautilus_trader.model.identifiers;nautilus_trader.model.objects,True,True,True
nautilus_trader/portfolio/portfolio.pyx,.pyx,3000,collections;decimal;libc.stdint;nautilus_trader.accounting.accounts.base;nautilus_trader.accounting.factory;nautilus_trader.accounting.manager;nautilus_trader.analysis;nautilus_trader.cache.base;nautilus_trader.common.component;nautilus_trader.core;nautilus_trader.core.correctness;nautilus_trader.core.rust.core;nautilus_trader.core.rust.model;nautilus_trader.model.data;nautilus_trader.model.events.account;nautilus_trader.model.events.order;nautilus_trader.model.events.position;nautilus_trader.model.functions;nautilus_trader.model.identifiers;nautilus_trader.model.instruments.base;nautilus_trader.model.instruments.betting;nautilus_trader.model.instruments.crypto_perpetual;nautilus_trader.model.instruments.currency_pair;nautilus_trader.model.objects;nautilus_trader.model.orders.base;nautilus_trader.model.position;nautilus_trader.portfolio.base;nautilus_trader.portfolio.config;pickle,True,True,True
nautilus_trader/risk/engine.pyx,.pyx,1209,decimal;libc.stdint;nautilus_trader.accounting.accounts.base;nautilus_trader.accounting.accounts.cash;nautilus_trader.cache.cache;nautilus_trader.common.component;nautilus_trader.common.messages;nautilus_trader.core.correctness;nautilus_trader.core.datetime;nautilus_trader.core.message;nautilus_trader.core.rust.model;nautilus_trader.core.uuid;nautilus_trader.execution.messages;nautilus_trader.execution.trailing;nautilus_trader.model.data;nautilus_trader.model.events.order;nautilus_trader.model.functions;nautilus_trader.model.identifiers;nautilus_trader.model.instruments.base;nautilus_trader.model.objects;nautilus_trader.model.orders.base;nautilus_trader.model.orders.list;nautilus_trader.model.position;nautilus_trader.portfolio.base;nautilus_trader.risk.config;pandas,True,True,True
nautilus_trader/risk/sizing.pyx,.pyx,212,decimal;nautilus_trader.core.correctness;nautilus_trader.model.instruments.base;nautilus_trader.model.objects,True,True,True
nautilus_trader/serialization/base.pyx,.pyx,362,nautilus_trader.common.messages;nautilus_trader.core.correctness;nautilus_trader.execution.messages;nautilus_trader.execution.reports;nautilus_trader.model.data;nautilus_trader.model.events.account;nautilus_trader.model.events.order;nautilus_trader.model.events.position;nautilus_trader.model.instruments.betting;nautilus_trader.model.instruments.binary_option;nautilus_trader.model.instruments.cfd;nautilus_trader.model.instruments.commodity;nautilus_trader.model.instruments.crypto_future;nautilus_trader.model.instruments.crypto_futures_spread;nautilus_trader.model.instruments.crypto_option;nautilus_trader.model.instruments.crypto_option_spread;nautilus_trader.model.instruments.crypto_perpetual;nautilus_trader.model.instruments.currency_pair;nautilus_trader.model.instruments.equity;nautilus_trader.model.instruments.futures_contract;nautilus_trader.model.instruments.futures_spread;nautilus_trader.model.instruments.index;nautilus_trader.model.instruments.option_contract;nautilus_trader.model.instruments.option_spread;nautilus_trader.model.instruments.perpetual_contract;nautilus_trader.model.instruments.synthetic;nautilus_trader.model.instruments.tokenized_asset;typing,True,True,True
nautilus_trader/serialization/serializer.pyx,.pyx,171,libc.stdint;msgspec;nautilus_trader.common.config;nautilus_trader.core.correctness;nautilus_trader.serialization.base;pandas;pytz;re;typing,True,True,True
nautilus_trader/trading/strategy.pyx,.pyx,2057,libc.stdint;nautilus_trader.cache.base;nautilus_trader.cache.cache;nautilus_trader.common.actor;nautilus_trader.common.component;nautilus_trader.common.factories;nautilus_trader.core.correctness;nautilus_trader.core.fsm;nautilus_trader.core.message;nautilus_trader.core.rust.common;nautilus_trader.core.rust.model;nautilus_trader.core.uuid;nautilus_trader.execution.messages;nautilus_trader.model.data;nautilus_trader.model.events.order;nautilus_trader.model.events.position;nautilus_trader.model.functions;nautilus_trader.model.identifiers;nautilus_trader.model.objects;nautilus_trader.model.orders.base;nautilus_trader.model.orders.list;nautilus_trader.model.orders.market;nautilus_trader.model.position;nautilus_trader.portfolio.base;nautilus_trader.trading.config;pandas,True,True,True
nautilus_trader/__init__.pxd,.pxd,15,,False,False,False
nautilus_trader/accounting/__init__.pxd,.pxd,15,,False,False,False
nautilus_trader/accounting/accounts/__init__.pxd,.pxd,15,,False,False,False
nautilus_trader/accounting/accounts/base.pxd,.pxd,107,libc.stdint;nautilus_trader.core.rust.model;nautilus_trader.model.events.account;nautilus_trader.model.events.order;nautilus_trader.model.identifiers;nautilus_trader.model.instruments.base;nautilus_trader.model.objects;nautilus_trader.model.position,True,True,True
nautilus_trader/accounting/accounts/betting.pxd,.pxd,40,nautilus_trader.accounting.accounts.cash;nautilus_trader.core.rust.model;nautilus_trader.model.instruments.base;nautilus_trader.model.objects,True,True,True
nautilus_trader/accounting/accounts/cash.pxd,.pxd,52,nautilus_trader.accounting.accounts.base;nautilus_trader.core.rust.model;nautilus_trader.model.identifiers;nautilus_trader.model.instruments.base;nautilus_trader.model.objects,True,True,True
nautilus_trader/accounting/accounts/margin.pxd,.pxd,98,decimal;nautilus_trader.accounting.accounts.base;nautilus_trader.accounting.margin_models;nautilus_trader.core.rust.model;nautilus_trader.model.events.account;nautilus_trader.model.identifiers;nautilus_trader.model.instruments.base;nautilus_trader.model.objects,True,True,True
nautilus_trader/accounting/calculators.pxd,.pxd,28,cpython.datetime;nautilus_trader.core.rust.model;nautilus_trader.model.identifiers;nautilus_trader.model.objects,True,True,True
nautilus_trader/accounting/factory.pxd,.pxd,24,nautilus_trader.accounting.accounts.base;nautilus_trader.model.events.account,True,False,True
nautilus_trader/accounting/manager.pxd,.pxd,45,libc.stdint;nautilus_trader.accounting.accounts.base;nautilus_trader.accounting.accounts.cash;nautilus_trader.accounting.accounts.margin;nautilus_trader.cache.base;nautilus_trader.common.component;nautilus_trader.core.rust.model;nautilus_trader.model.events.account;nautilus_trader.model.events.order;nautilus_trader.model.instruments.base;nautilus_trader.model.objects,True,True,True
nautilus_trader/accounting/margin_models.pxd,.pxd,52,decimal;nautilus_trader.core.rust.model;nautilus_trader.model.instruments.base;nautilus_trader.model.objects,True,True,True
nautilus_trader/adapters/betfair/orderbook.pxd,.pxd,25,nautilus_trader.model.book;nautilus_trader.model.identifiers;nautilus_trader.model.objects,False,True,True
nautilus_trader/backtest/__init__.pxd,.pxd,15,,False,False,False
nautilus_trader/backtest/data_client.pxd,.pxd,30,nautilus_trader.data.client;nautilus_trader.model.identifiers;nautilus_trader.model.instruments.base,True,False,True
nautilus_trader/backtest/engine.pxd,.pxd,632,cpython.datetime;libc.stdint;nautilus_trader.accounting.accounts.base;nautilus_trader.accounting.margin_models;nautilus_trader.backtest.execution_client;nautilus_trader.backtest.models;nautilus_trader.cache.base;nautilus_trader.cache.cache;nautilus_trader.common.component;nautilus_trader.core.data;nautilus_trader.core.rust.backtest;nautilus_trader.core.rust.core;nautilus_trader.core.rust.model;nautilus_trader.core.uuid;nautilus_trader.data.engine;nautilus_trader.data.messages;nautilus_trader.execution.matching_core;nautilus_trader.execution.messages;nautilus_trader.model.book;nautilus_trader.model.data;nautilus_trader.model.events.order;nautilus_trader.model.identifiers;nautilus_trader.model.instruments.base;nautilus_trader.model.objects;nautilus_trader.model.orders.base;nautilus_trader.model.orders.limit;nautilus_trader.model.orders.limit_if_touched;nautilus_trader.model.orders.market;nautilus_trader.model.orders.market_if_touched;nautilus_trader.model.orders.market_to_limit;nautilus_trader.model.orders.stop_limit;nautilus_trader.model.orders.stop_market;nautilus_trader.model.position,True,True,True
nautilus_trader/backtest/execution_client.pxd,.pxd,22,nautilus_trader.backtest.engine;nautilus_trader.execution.client,True,False,True
nautilus_trader/backtest/models/__init__.pxd,.pxd,23,nautilus_trader.accounting.margin_models;nautilus_trader.backtest.models.fee;nautilus_trader.backtest.models.fill;nautilus_trader.backtest.models.latency,False,False,True
nautilus_trader/backtest/models/fee.pxd,.pxd,39,nautilus_trader.model.instruments.base;nautilus_trader.model.objects;nautilus_trader.model.orders.base,True,True,True
nautilus_trader/backtest/models/fill.pxd,.pxd,153,libc.stdint;nautilus_trader.model.book;nautilus_trader.model.instruments.base;nautilus_trader.model.objects;nautilus_trader.model.orders.base,True,True,True
nautilus_trader/backtest/models/latency.pxd,.pxd,28,libc.stdint,True,False,True
nautilus_trader/backtest/modules.pxd,.pxd,45,cpython.datetime;libc.stdint;nautilus_trader.accounting.calculators;nautilus_trader.backtest.engine;nautilus_trader.common.actor;nautilus_trader.common.component;nautilus_trader.core.data,True,True,True
nautilus_trader/cache/__init__.pxd,.pxd,15,,False,False,False
nautilus_trader/cache/base.pxd,.pxd,225,libc.stdint;nautilus_trader.accounting.accounts.base;nautilus_trader.core.rust.model;nautilus_trader.model.book;nautilus_trader.model.data;nautilus_trader.model.identifiers;nautilus_trader.model.instruments.base;nautilus_trader.model.instruments.synthetic;nautilus_trader.model.objects;nautilus_trader.model.orders.base;nautilus_trader.model.orders.list;nautilus_trader.model.position,True,True,True
nautilus_trader/cache/cache.pxd,.pxd,233,cpython.datetime;decimal;libc.stdint;nautilus_trader.accounting.accounts.base;nautilus_trader.cache.base;nautilus_trader.cache.facade;nautilus_trader.common.actor;nautilus_trader.common.component;nautilus_trader.core.rust.model;nautilus_trader.model.book;nautilus_trader.model.data;nautilus_trader.model.identifiers;nautilus_trader.model.instruments.base;nautilus_trader.model.instruments.synthetic;nautilus_trader.model.objects;nautilus_trader.model.orders.base;nautilus_trader.model.orders.list;nautilus_trader.model.position;nautilus_trader.trading.strategy,True,True,True
nautilus_trader/cache/database.pxd,.pxd,23,nautilus_trader.cache.facade;nautilus_trader.serialization.base,True,False,True
nautilus_trader/cache/facade.pxd,.pxd,107,cpython.datetime;libc.stdint;nautilus_trader.accounting.accounts.base;nautilus_trader.common.actor;nautilus_trader.common.component;nautilus_trader.core.rust.model;nautilus_trader.execution.messages;nautilus_trader.model.book;nautilus_trader.model.data;nautilus_trader.model.identifiers;nautilus_trader.model.instruments.base;nautilus_trader.model.instruments.synthetic;nautilus_trader.model.objects;nautilus_trader.model.orders.base;nautilus_trader.model.orders.list;nautilus_trader.model.position;nautilus_trader.trading.strategy,True,True,True
nautilus_trader/common/__init__.pxd,.pxd,15,,False,False,False
nautilus_trader/common/actor.pxd,.pxd,442,cpython.datetime;libc.stdint;nautilus_trader.cache.base;nautilus_trader.common.component;nautilus_trader.common.data_topics;nautilus_trader.core.data;nautilus_trader.core.message;nautilus_trader.core.rust.model;nautilus_trader.core.uuid;nautilus_trader.data.messages;nautilus_trader.indicators.base;nautilus_trader.model.book;nautilus_trader.model.data;nautilus_trader.model.events.order;nautilus_trader.model.greeks;nautilus_trader.model.identifiers;nautilus_trader.model.instruments.base;nautilus_trader.model.instruments.synthetic;nautilus_trader.portfolio.base,True,True,True
nautilus_trader/common/component.pxd,.pxd,364,cpython.datetime;libc.stdint;nautilus_trader.core.fsm;nautilus_trader.core.message;nautilus_trader.core.rust.common;nautilus_trader.core.rust.core;nautilus_trader.core.uuid;nautilus_trader.model.identifiers;nautilus_trader.serialization.base;typing,True,True,True
nautilus_trader/common/data_topics.pxd,.pxd,62,nautilus_trader.model.data;nautilus_trader.model.identifiers,True,True,True
nautilus_trader/common/factories.pxd,.pxd,303,cpython.datetime;decimal;nautilus_trader.cache.base;nautilus_trader.common.component;nautilus_trader.common.generators;nautilus_trader.core.rust.model;nautilus_trader.model.identifiers;nautilus_trader.model.objects;nautilus_trader.model.orders.limit;nautilus_trader.model.orders.limit_if_touched;nautilus_trader.model.orders.list;nautilus_trader.model.orders.market;nautilus_trader.model.orders.market_if_touched;nautilus_trader.model.orders.market_to_limit;nautilus_trader.model.orders.stop_limit;nautilus_trader.model.orders.stop_market;nautilus_trader.model.orders.trailing_stop_limit;nautilus_trader.model.orders.trailing_stop_market,True,True,True
nautilus_trader/common/generators.pxd,.pxd,63,nautilus_trader.common.component;nautilus_trader.model.identifiers,True,True,True
nautilus_trader/common/messages.pxd,.pxd,89,libc.stdint;nautilus_trader.core.message;nautilus_trader.core.rust.common;nautilus_trader.core.rust.model;nautilus_trader.core.uuid;nautilus_trader.model.identifiers,True,False,True
nautilus_trader/core/__init__.pxd,.pxd,15,,False,False,False
nautilus_trader/core/correctness.pxd,.pxd,151,,True,False,False
nautilus_trader/core/data.pxd,.pxd,19,,True,False,False
nautilus_trader/core/datetime.pxd,.pxd,35,cpython.datetime;libc.stdint;pandas,False,True,True
nautilus_trader/core/fsm.pxd,.pxd,31,,True,True,False
nautilus_trader/core/message.pxd,.pxd,59,libc.stdint;nautilus_trader.core.uuid,True,False,True
nautilus_trader/core/rust/__init__.pxd,.pxd,15,,False,False,False
nautilus_trader/core/rust/backtest.pxd,.pxd,46,cpython.object;libc.stdint;nautilus_trader.core.rust.common;nautilus_trader.core.rust.core,False,False,True
nautilus_trader/core/rust/common.pxd,.pxd,562,cpython.object;libc.stdint;nautilus_trader.core.rust.core;nautilus_trader.core.rust.model,False,True,True
nautilus_trader/core/rust/core.pxd,.pxd,178,libc.stdint,False,False,True
nautilus_trader/core/rust/model.pxd,.pxd,2288,libc.stdint;nautilus_trader.core.rust.core,False,True,True
nautilus_trader/core/stats.pxd,.pxd,32,numpy,False,True,True
nautilus_trader/core/string.pxd,.pxd,92,nautilus_trader.core.rust.core,False,False,True
nautilus_trader/core/uuid.pxd,.pxd,29,nautilus_trader.core.rust.core,True,False,True
nautilus_trader/data/__init__.pxd,.pxd,15,,False,False,False
nautilus_trader/data/aggregation.pxd,.pxd,235,cpython.datetime;libc.stdint;nautilus_trader.cache.base;nautilus_trader.common.component;nautilus_trader.common.data_topics;nautilus_trader.core.rust.model;nautilus_trader.model.data;nautilus_trader.model.greeks;nautilus_trader.model.identifiers;nautilus_trader.model.instruments.base;nautilus_trader.model.objects,True,True,True
nautilus_trader/data/client.pxd,.pxd,203,cpython.datetime;nautilus_trader.cache.cache;nautilus_trader.common.component;nautilus_trader.core.data;nautilus_trader.core.uuid;nautilus_trader.data.messages;nautilus_trader.model.data;nautilus_trader.model.identifiers;nautilus_trader.model.instruments.base,True,True,True
nautilus_trader/data/engine.pxd,.pxd,397,cpython.datetime;libc.stdint;nautilus_trader.cache.cache;nautilus_trader.common.component;nautilus_trader.common.data_topics;nautilus_trader.core.data;nautilus_trader.core.rust.model;nautilus_trader.core.uuid;nautilus_trader.data.aggregation;nautilus_trader.data.client;nautilus_trader.data.messages;nautilus_trader.model.data;nautilus_trader.model.identifiers;nautilus_trader.model.instruments.base;nautilus_trader.model.instruments.synthetic;nautilus_trader.persistence.catalog,True,True,True
nautilus_trader/data/messages.pxd,.pxd,257,cpython.datetime;nautilus_trader.core.message;nautilus_trader.core.rust.model;nautilus_trader.model.data;nautilus_trader.model.identifiers,True,False,True
nautilus_trader/execution/__init__.pxd,.pxd,15,,False,False,False
nautilus_trader/execution/algorithm.pxd,.pxd,195,cpython.datetime;libc.stdint;nautilus_trader.cache.base;nautilus_trader.common.actor;nautilus_trader.common.component;nautilus_trader.core.message;nautilus_trader.core.rust.model;nautilus_trader.execution.messages;nautilus_trader.model.events.order;nautilus_trader.model.events.position;nautilus_trader.model.identifiers;nautilus_trader.model.objects;nautilus_trader.model.orders.base;nautilus_trader.model.orders.limit;nautilus_trader.model.orders.list;nautilus_trader.model.orders.market;nautilus_trader.model.orders.market_to_limit;nautilus_trader.portfolio.base,True,True,True
nautilus_trader/execution/client.pxd,.pxd,208,libc.stdint;nautilus_trader.accounting.accounts.base;nautilus_trader.cache.cache;nautilus_trader.common.component;nautilus_trader.core.rust.model;nautilus_trader.execution.messages;nautilus_trader.model.events.account;nautilus_trader.model.events.order;nautilus_trader.model.identifiers;nautilus_trader.model.instruments.base;nautilus_trader.model.objects,True,True,True
nautilus_trader/execution/emulator.pxd,.pxd,78,nautilus_trader.common.actor;nautilus_trader.execution.manager;nautilus_trader.execution.matching_core;nautilus_trader.execution.messages;nautilus_trader.model.events.order;nautilus_trader.model.events.position;nautilus_trader.model.identifiers;nautilus_trader.model.objects;nautilus_trader.model.orders.base,True,True,True
nautilus_trader/execution/engine.pxd,.pxd,194,nautilus_trader.cache.cache;nautilus_trader.common.component;nautilus_trader.common.generators;nautilus_trader.core.message;nautilus_trader.core.rust.model;nautilus_trader.execution.client;nautilus_trader.execution.messages;nautilus_trader.model.events.order;nautilus_trader.model.events.position;nautilus_trader.model.identifiers;nautilus_trader.model.instruments.base;nautilus_trader.model.objects;nautilus_trader.model.orders.base;nautilus_trader.model.position;nautilus_trader.trading.strategy,True,True,True
nautilus_trader/execution/manager.pxd,.pxd,96,nautilus_trader.cache.cache;nautilus_trader.common.component;nautilus_trader.core.message;nautilus_trader.core.uuid;nautilus_trader.execution.messages;nautilus_trader.model.events.order;nautilus_trader.model.events.position;nautilus_trader.model.identifiers;nautilus_trader.model.objects;nautilus_trader.model.orders.base,True,True,True
nautilus_trader/execution/matching_core.pxd,.pxd,92,libc.stdint;nautilus_trader.core.rust.model;nautilus_trader.model.identifiers;nautilus_trader.model.objects;nautilus_trader.model.orders.base,True,True,True
nautilus_trader/execution/messages.pxd,.pxd,237,cpython.datetime;nautilus_trader.core.message;nautilus_trader.core.rust.common;nautilus_trader.core.rust.model;nautilus_trader.model.identifiers;nautilus_trader.model.objects;nautilus_trader.model.orders.base;nautilus_trader.model.orders.list,True,False,True
nautilus_trader/execution/trailing.pxd,.pxd,51,nautilus_trader.core.rust.model;nautilus_trader.model.objects;nautilus_trader.model.orders.base,True,False,True
nautilus_trader/indicators/averages.pxd,.pxd,116,nautilus_trader.core.rust.model;nautilus_trader.indicators.base;nautilus_trader.indicators.momentum;numpy,True,True,True
nautilus_trader/indicators/base.pxd,.pxd,41,nautilus_trader.model.data,True,True,True
nautilus_trader/indicators/fuzzy_candlesticks.pxd,.pxd,71,nautilus_trader.indicators.base;nautilus_trader.indicators.fuzzy_enums;nautilus_trader.model.data,True,True,True
nautilus_trader/indicators/fuzzy_enums.pxd,.pxd,47,,False,True,False
nautilus_trader/indicators/momentum.pxd,.pxd,140,nautilus_trader.core.rust.model;nautilus_trader.indicators.averages;nautilus_trader.indicators.base;nautilus_trader.model.data,True,True,True
nautilus_trader/indicators/spread_analyzer.pxd,.pxd,31,nautilus_trader.indicators.base;nautilus_trader.model.identifiers,True,False,True
nautilus_trader/indicators/trend.pxd,.pxd,149,cpython.datetime;nautilus_trader.indicators.averages;nautilus_trader.indicators.base;nautilus_trader.indicators.volatility;nautilus_trader.model.data,True,True,True
nautilus_trader/indicators/volatility.pxd,.pxd,112,nautilus_trader.indicators.averages;nautilus_trader.indicators.base;nautilus_trader.model.data,True,True,True
nautilus_trader/indicators/volume.pxd,.pxd,69,cpython.datetime;nautilus_trader.core.rust.model;nautilus_trader.indicators.averages;nautilus_trader.indicators.base;nautilus_trader.model.data,True,True,True
nautilus_trader/model/__init__.pxd,.pxd,15,,False,False,False
nautilus_trader/model/book.pxd,.pxd,89,libc.stdint;nautilus_trader.core.data;nautilus_trader.core.rust.model;nautilus_trader.model.data;nautilus_trader.model.objects;nautilus_trader.model.orders.base,True,True,True
nautilus_trader/model/data.pxd,.pxd,590,cpython.mem;cpython.pycapsule;libc.stdint;nautilus_trader.core.data;nautilus_trader.core.rust.core;nautilus_trader.core.rust.model;nautilus_trader.model.data;nautilus_trader.model.identifiers;nautilus_trader.model.objects,True,True,True
nautilus_trader/model/events/__init__.pxd,.pxd,15,,False,False,False
nautilus_trader/model/events/account.pxd,.pxd,50,libc.stdint;nautilus_trader.core.message;nautilus_trader.core.rust.model;nautilus_trader.core.uuid;nautilus_trader.model.identifiers;nautilus_trader.model.objects,True,False,True
nautilus_trader/model/events/order.pxd,.pxd,370,libc.stdint;nautilus_trader.core.message;nautilus_trader.core.rust.model;nautilus_trader.core.uuid;nautilus_trader.model.identifiers;nautilus_trader.model.objects,True,False,True
nautilus_trader/model/events/position.pxd,.pxd,170,libc.stdint;nautilus_trader.core.message;nautilus_trader.core.rust.model;nautilus_trader.core.uuid;nautilus_trader.model.events.order;nautilus_trader.model.identifiers;nautilus_trader.model.objects;nautilus_trader.model.position,True,False,True
nautilus_trader/model/functions.pxd,.pxd,147,nautilus_trader.core.rust.model;nautilus_trader.model.data;nautilus_trader.model.objects,False,True,True
nautilus_trader/model/greeks.pxd,.pxd,38,libc.stdint;nautilus_trader.cache.base;nautilus_trader.common.component;nautilus_trader.model.identifiers;nautilus_trader.model.objects,True,True,True
nautilus_trader/model/identifiers.pxd,.pxd,161,libc.stdint;nautilus_trader.core.rust.model,True,True,True
nautilus_trader/model/instruments/__init__.pxd,.pxd,15,,False,False,False
nautilus_trader/model/instruments/base.pxd,.pxd,125,libc.stdint;nautilus_trader.core.data;nautilus_trader.core.rust.model;nautilus_trader.model.identifiers;nautilus_trader.model.objects;nautilus_trader.model.tick_scheme.base,True,True,True
nautilus_trader/model/instruments/betting.pxd,.pxd,49,cpython.datetime;nautilus_trader.core.rust.model;nautilus_trader.model.instruments.base,True,True,True
nautilus_trader/model/instruments/binary_option.pxd,.pxd,40,libc.stdint;nautilus_trader.model.instruments.base;nautilus_trader.model.objects,True,False,True
nautilus_trader/model/instruments/cfd.pxd,.pxd,34,nautilus_trader.model.instruments.base;nautilus_trader.model.objects,True,False,True
nautilus_trader/model/instruments/commodity.pxd,.pxd,31,nautilus_trader.model.instruments.base,True,False,True
nautilus_trader/model/instruments/crypto_future.pxd,.pxd,42,libc.stdint;nautilus_trader.model.instruments.base;nautilus_trader.model.objects,True,False,True
nautilus_trader/model/instruments/crypto_futures_spread.pxd,.pxd,44,libc.stdint;nautilus_trader.model.instruments.base;nautilus_trader.model.objects,True,False,True
nautilus_trader/model/instruments/crypto_option.pxd,.pxd,48,libc.stdint;nautilus_trader.core.rust.model;nautilus_trader.model.instruments.base;nautilus_trader.model.objects,True,False,True
nautilus_trader/model/instruments/crypto_option_spread.pxd,.pxd,44,libc.stdint;nautilus_trader.model.instruments.base;nautilus_trader.model.objects,True,False,True
nautilus_trader/model/instruments/crypto_perpetual.pxd,.pxd,36,nautilus_trader.model.instruments.base;nautilus_trader.model.objects,True,False,True
nautilus_trader/model/instruments/currency_pair.pxd,.pxd,32,nautilus_trader.model.instruments.base;nautilus_trader.model.objects,True,False,True
nautilus_trader/model/instruments/equity.pxd,.pxd,31,nautilus_trader.model.instruments.base,True,False,True
nautilus_trader/model/instruments/futures_contract.pxd,.pxd,39,libc.stdint;nautilus_trader.model.instruments.base,True,False,True
nautilus_trader/model/instruments/futures_spread.pxd,.pxd,41,libc.stdint;nautilus_trader.model.instruments.base,True,False,True
nautilus_trader/model/instruments/index.pxd,.pxd,28,nautilus_trader.model.instruments.base,True,False,True
nautilus_trader/model/instruments/option_contract.pxd,.pxd,45,libc.stdint;nautilus_trader.core.rust.model;nautilus_trader.model.instruments.base;nautilus_trader.model.objects,True,False,True
nautilus_trader/model/instruments/option_spread.pxd,.pxd,43,libc.stdint;nautilus_trader.core.rust.model;nautilus_trader.model.instruments.base;nautilus_trader.model.objects,True,False,True
nautilus_trader/model/instruments/perpetual_contract.pxd,.pxd,38,nautilus_trader.model.instruments.base;nautilus_trader.model.objects,True,False,True
nautilus_trader/model/instruments/synthetic.pxd,.pxd,37,nautilus_trader.core.data;nautilus_trader.core.rust.core;nautilus_trader.core.rust.model;nautilus_trader.model.identifiers;nautilus_trader.model.objects,True,True,True
nautilus_trader/model/instruments/tokenized_asset.pxd,.pxd,34,nautilus_trader.model.instruments.base;nautilus_trader.model.objects,True,False,True
nautilus_trader/model/objects.pxd,.pxd,227,libc.stdint;nautilus_trader.core.rust.model;nautilus_trader.model.identifiers,True,True,True
nautilus_trader/model/orders/__init__.pxd,.pxd,15,,False,False,False
nautilus_trader/model/orders/base.pxd,.pxd,216,libc.stdint;nautilus_trader.core.fsm;nautilus_trader.core.rust.model;nautilus_trader.core.uuid;nautilus_trader.model.events.order;nautilus_trader.model.identifiers;nautilus_trader.model.objects,True,True,True
nautilus_trader/model/orders/limit.pxd,.pxd,40,libc.stdint;nautilus_trader.model.events.order;nautilus_trader.model.objects;nautilus_trader.model.orders.base,True,False,True
nautilus_trader/model/orders/limit_if_touched.pxd,.pxd,43,libc.stdint;nautilus_trader.core.rust.model;nautilus_trader.model.events.order;nautilus_trader.model.objects;nautilus_trader.model.orders.base,True,False,True
nautilus_trader/model/orders/list.pxd,.pxd,41,libc.stdint;nautilus_trader.model.identifiers;nautilus_trader.model.orders.base,True,True,True
nautilus_trader/model/orders/market.pxd,.pxd,31,libc.stdint;nautilus_trader.model.events.order;nautilus_trader.model.orders.base,True,False,True
nautilus_trader/model/orders/market_if_touched.pxd,.pxd,34,libc.stdint;nautilus_trader.core.rust.model;nautilus_trader.model.events.order;nautilus_trader.model.objects;nautilus_trader.model.orders.base,True,False,True
nautilus_trader/model/orders/market_to_limit.pxd,.pxd,34,libc.stdint;nautilus_trader.model.events.order;nautilus_trader.model.objects;nautilus_trader.model.orders.base,True,False,True
nautilus_trader/model/orders/stop_limit.pxd,.pxd,46,libc.stdint;nautilus_trader.core.rust.model;nautilus_trader.model.events.order;nautilus_trader.model.objects;nautilus_trader.model.orders.base,True,False,True
nautilus_trader/model/orders/stop_market.pxd,.pxd,34,libc.stdint;nautilus_trader.core.rust.model;nautilus_trader.model.events.order;nautilus_trader.model.objects;nautilus_trader.model.orders.base,True,False,True
nautilus_trader/model/orders/trailing_stop_limit.pxd,.pxd,54,libc.stdint;nautilus_trader.core.rust.model;nautilus_trader.model.events.order;nautilus_trader.model.objects;nautilus_trader.model.orders.base,True,False,True
nautilus_trader/model/orders/trailing_stop_market.pxd,.pxd,43,libc.stdint;nautilus_trader.core.rust.model;nautilus_trader.model.events.order;nautilus_trader.model.objects;nautilus_trader.model.orders.base,True,False,True
nautilus_trader/model/orders/unpacker.pxd,.pxd,27,nautilus_trader.model.events.order;nautilus_trader.model.orders.base,True,False,True
nautilus_trader/model/position.pxd,.pxd,149,libc.stdint;nautilus_trader.core.rust.model;nautilus_trader.model.events.order;nautilus_trader.model.events.position;nautilus_trader.model.identifiers;nautilus_trader.model.objects,True,True,True
nautilus_trader/model/tick_scheme/__init__.pxd,.pxd,15,,False,False,False
nautilus_trader/model/tick_scheme/base.pxd,.pxd,54,libc.math;nautilus_trader.model.objects,True,True,True
nautilus_trader/model/tick_scheme/implementations/fixed.pxd,.pxd,32,nautilus_trader.model.objects;nautilus_trader.model.tick_scheme.base,True,True,True
nautilus_trader/model/tick_scheme/implementations/tiered.pxd,.pxd,35,nautilus_trader.model.objects;nautilus_trader.model.tick_scheme.base;numpy,True,True,True
nautilus_trader/persistence/__init__.pxd,.pxd,15,,False,False,False
nautilus_trader/persistence/wranglers.pxd,.pxd,84,libc.stdint;nautilus_trader.core.rust.model;nautilus_trader.model.data;nautilus_trader.model.instruments.base,True,True,True
nautilus_trader/portfolio/__init__.pxd,.pxd,15,,False,False,False
nautilus_trader/portfolio/base.pxd,.pxd,58,nautilus_trader.accounting.accounts.base;nautilus_trader.model.identifiers;nautilus_trader.model.objects,True,True,True
nautilus_trader/portfolio/portfolio.pxd,.pxd,123,libc.stdint;nautilus_trader.accounting.accounts.base;nautilus_trader.accounting.manager;nautilus_trader.cache.cache;nautilus_trader.common.component;nautilus_trader.core.rust.model;nautilus_trader.model.data;nautilus_trader.model.events.account;nautilus_trader.model.events.order;nautilus_trader.model.events.position;nautilus_trader.model.identifiers;nautilus_trader.model.instruments.base;nautilus_trader.model.objects;nautilus_trader.model.position;nautilus_trader.portfolio.base,True,True,True
nautilus_trader/risk/__init__.pxd,.pxd,15,,False,False,False
nautilus_trader/risk/engine.pxd,.pxd,112,decimal;nautilus_trader.cache.cache;nautilus_trader.common.component;nautilus_trader.core.message;nautilus_trader.core.rust.model;nautilus_trader.execution.messages;nautilus_trader.model.identifiers;nautilus_trader.model.instruments.base;nautilus_trader.model.objects;nautilus_trader.model.orders.base;nautilus_trader.model.orders.list;nautilus_trader.portfolio.base,True,True,True
nautilus_trader/risk/sizing.pxd,.pxd,46,nautilus_trader.model.instruments.base;nautilus_trader.model.objects,True,True,True
nautilus_trader/serialization/__init__.pxd,.pxd,15,,False,False,False
nautilus_trader/serialization/base.pxd,.pxd,24,,True,True,False
nautilus_trader/serialization/serializer.pxd,.pxd,27,nautilus_trader.serialization.base,True,False,True
nautilus_trader/trading/__init__.pxd,.pxd,15,,False,False,False
nautilus_trader/trading/strategy.pxd,.pxd,196,nautilus_trader.cache.base;nautilus_trader.common.actor;nautilus_trader.common.component;nautilus_trader.common.factories;nautilus_trader.core.rust.model;nautilus_trader.execution.manager;nautilus_trader.execution.messages;nautilus_trader.model.events.order;nautilus_trader.model.events.position;nautilus_trader.model.identifiers;nautilus_trader.model.objects;nautilus_trader.model.orders.base;nautilus_trader.model.orders.list;nautilus_trader.model.position;nautilus_trader.portfolio.base,True,True,True
